,Feature 1,Feature 2,Target
0,0.6762171998451796,0.8152203851783042,0
1,1.4871433444869684,-0.21051852936905707,1
2,-1.0277086323673337,0.35496587498243526,0
3,0.2360117779081093,1.0255307803428766,0
4,1.8566953262425498,-0.042783391388511574,1
5,1.186912668420614,-0.4607249547731688,1
6,1.8860248594005624,0.019075676270659578,1
7,1.4023587803747573,-0.4063172480030999,1
8,1.7349963711962855,-0.10891117687347175,1
9,1.7879615830391862,-0.1167584318232416,1
10,-0.04642286984482989,0.4645953845550013,1
11,-0.9051266259182742,-0.0029917589878867556,0
12,-0.963538902745067,0.3103242242498359,0
13,-0.19617490248466807,0.8617080691552083,0
14,0.9736586574499302,0.017839256643987684,0
15,0.29875533439877966,-0.25394409979154786,1
16,0.1623056903350995,0.24463858674689865,1
17,0.600462181853544,-0.24721197959795385,1
18,0.881866779281665,0.5853928111301255,0
19,1.8228065388633008,0.05804684883538369,1
20,0.6875976405842827,0.6782832875076373,0
21,-0.5936003539952958,0.638273158505878,0
22,0.586790777638623,0.7134904855729196,0
23,-0.14078830347022586,1.0058299235941786,0
24,1.15507608476442,-0.42226410399229464,1
25,0.4395577971532778,-0.3640922819271695,1
26,1.7009051464551226,-0.39657414243300426,1
27,-0.009258295318830038,0.8699119595813316,0
28,0.056424082950044196,0.9193896971077118,0
29,0.7753808819415872,-0.38306785723689313,1
30,2.0770886793633143,0.3310723418555487,1
31,0.8540102310509926,0.6482459927676408,0
32,1.098880651049769,-0.5220649442193367,1
33,1.18156618576414,-0.42641674353239956,1
34,-0.3427876930350378,0.9346733016126999,0
35,0.9265628825234051,0.5600658649042322,0
36,0.8805942462322578,0.3101585004511164,0
37,1.8976189842248408,0.03924283218833849,1
38,-0.9665114411878317,0.25834188879826814,0
39,-0.4713032046976213,0.7456875772734337,0
40,0.6592201080980054,0.8794750169388943,0
41,-0.5555022815667653,1.0122068951549275,0
42,0.38275950875390974,-0.1481650882389726,1
43,1.2701663207654823,-0.36298057197847244,1
44,1.8189593836082816,-0.19541836338772553,1
45,1.619587196235326,-0.024971629803257234,1
46,-0.5385210849327683,0.9548202192377441,0
47,-0.8010562979767006,0.5670018761523644,0
48,0.5678640140129815,0.9955241947173222,0
49,-0.877760636125666,0.6605852825497276,0
50,-0.8917034138284904,0.31703757495205864,0
51,0.019736950187164495,0.25811968966561993,1
52,1.0025325520588395,0.32093536140694906,0
53,0.1052727327411837,0.20405794697676533,1
54,-0.02347336654040839,0.3316501974776842,1
55,-0.18982963186681817,0.9336244110457012,0
56,-0.5997142580472477,0.7035650154365689,0
57,0.14086118857427352,1.0007266561017718,0
58,-0.10939372309658776,1.0092218313869876,0
59,0.06443815253182857,-0.04344643939985243,1
60,-0.6134818170650659,1.0636441836706574,0
61,1.8868234449752104,0.09494000762285211,1
62,0.9884792098671753,0.040527468383689744,0
63,-0.8236650431801373,0.24410350545784182,0
64,1.117883970233336,-0.5121214190482968,1
65,1.183864007847344,-0.5405004355516707,1
66,0.759286188607753,-0.5033765828966025,1
67,1.2003949891356391,-0.4722182344091553,1
68,0.2061051025924181,0.8700093675891738,0
69,-0.6764778751634404,0.740908563271008,0
70,-0.9228027105397256,0.24086379987949263,0
71,0.6071402887216688,0.6772825849440276,0
72,-0.5107735609742416,0.8346556853694498,0
73,2.0055352009121927,0.6276765376772545,1
74,0.08412616367201309,-0.28934070217287744,1
75,1.001698003611849,-0.45543794005653043,1
76,0.375166689867245,0.8082187284809896,0
77,0.05825521716347309,1.0283635952402057,0
78,0.8687885598873274,0.3691863607288923,0
79,0.14785601299246234,-0.10905243573958262,1
80,2.0141081623224,0.18435101394542056,1
81,-0.5022914549559128,0.8738471111578031,0
82,-0.929392757896282,0.3733422360711727,0
83,1.9085605495866085,-0.22162821299947494,1
84,-0.5967206772124303,0.8534777908508241,0
85,1.0759117364599744,-0.444544704593921,1
86,1.753079967568933,-0.1910395279706648,1
87,1.8973495403566192,-0.14644443344130514,1
88,-0.07848593679240246,1.084313307230956,0
89,0.07292198449367802,0.05184254745956432,1
90,-0.9804292346101011,0.5372747891062936,0
91,0.8795307436537158,0.562417619998091,0
92,0.8940514548366638,0.6170146466208729,0
93,0.055730757850769724,1.0473608809027017,0
94,1.4366230551422468,-0.23185259685307527,1
95,0.5085083754198639,0.9938185806155639,0
96,0.7355380701911308,0.6388741689013082,0
97,-0.8525725939690985,0.40316289651375464,0
98,-0.4546196846463147,1.003149479373664,0
99,0.25376685511396824,0.01606930935378123,1
100,1.0231966983948249,0.2882204687052341,0
101,0.1243102922610174,-0.0022038877153133622,1
102,1.2551741805225918,-0.5747050920094485,1
103,1.3706324825506249,-0.4152698373507989,1
104,0.9947187151176878,-0.03963928348876247,0
105,1.8154628600682063,-0.05868305304830487,1
106,-0.8230160919573711,0.40423334685988616,0
107,1.930364836715376,0.4678922922884199,1
108,1.8997818877487926,0.04467127144082963,1
109,0.27014700721348955,1.0223360904851544,0
110,-0.03992705906203928,0.9444570569369466,0
111,-0.7883847178818758,0.7073295453005564,0
112,0.7066144614857983,0.6656216464650645,0
113,0.6053019102704538,-0.3968882163509704,1
114,-0.3921441190584456,0.8983382856174835,0
115,0.4329322600772065,0.9777775795363242,0
116,1.0302086229413838,0.14056331589529855,0
117,0.7802119473235265,0.7009857571456444,0
118,-0.8510775617049388,0.24796367650029774,0
119,-0.10573239714280716,1.0730364986033023,0
120,1.8942002370797497,-0.03250275971949067,1
121,0.30580311034816704,-0.1901575985111962,1
122,0.7512644468306124,-0.33722796034882363,1
123,1.9066106103385863,0.03647367089847817,1
124,0.07630735397948579,0.8264141733917163,0
125,1.5908746463629566,-0.33749140599054506,1
126,-0.39590994828063936,0.8890181048530023,0
127,0.7937720378272818,0.8245385725611594,0
128,0.8348305202917495,-0.43288609727010935,1
129,-0.03769528471541758,1.0659156255833155,0
130,-0.9382230218581948,0.4322886219368359,0
131,0.9214952815574821,0.6317480939721134,0
132,0.767269416656823,0.7096779772333186,0
133,0.741896862407563,-0.5231494684671141,1
134,0.5779977723747167,0.9260978061551832,0
135,1.8797374095101231,-0.12841999088952305,1
136,1.8841104497122125,0.42449499103803895,1
137,-0.7785855972426049,0.8966092964395205,0
138,0.09677019784578693,0.22398189582439654,1
139,0.13976234979273752,-0.22221490779975328,1
140,0.24905556264290032,-0.28121727806189634,1
141,1.1891698156963026,-0.3839304645384036,1
142,1.0113117893676575,0.17331356591992642,0
143,-0.07622359756876317,0.9456015027944574,0
144,0.8841659392465193,0.4972323878005607,0
145,1.9032960425765852,0.12382558307952962,1
146,1.4017175923288252,-0.4657513226717235,1
147,0.1144135584615557,0.4560553296153037,1
148,-0.9213908124579916,0.08048825337296803,0
149,-0.21535314164150213,1.0399338966710792,0
150,0.17236545486618512,0.9887560018310542,0
151,0.9206954282020458,0.3201053443083113,0
152,-0.7888635906372784,0.4987611842494607,0
153,1.0135093052149966,0.2763860494956473,0
154,0.3460896152738492,0.8994885455843243,0
155,0.5469332053801504,-0.44921071448095656,1
156,-0.7599723323540393,0.5284111146508623,0
157,2.0937076158233348,0.47369684428988557,1
158,-0.5785306937396688,0.8975208267410638,0
159,0.697133717007174,0.6716188480090461,0
160,1.300743267249665,-0.35451846820088595,1
161,-1.0264560121854345,0.31796321712479314,0
162,0.5280636020402845,0.8983516182010549,0
163,2.0259078071293395,0.4751292386598495,1
164,1.2891777275897436,-0.4718732498751281,1
165,0.800484529611723,0.4722734888873284,0
166,-1.0932251606773915,0.12730052267984882,0
167,1.840214160547704,0.1588597226436024,1
168,-0.8956555595916094,0.14422859988550607,0
169,1.3935948915319754,-0.3280723742847056,1
170,0.5752950758654359,0.5464219173473647,0
171,-0.8191428171757964,0.5787664709150353,0
172,0.9319865091878174,0.6689949349314341,0
173,0.03517915484993536,0.2166762355108743,1
174,1.0823060658414139,0.10303507227236579,0
175,0.5347899946305045,0.9605984434670578,0
176,-0.8164686741717183,0.5251220831368126,0
177,0.1969915285602242,-0.034799889146657804,1
178,0.46391431633590363,0.7620442800894773,0
179,-0.8379158026207123,0.6709159971642967,0
180,-0.0736567245857208,0.8652852384215737,0
181,0.0018193345235177835,0.2578214499774574,1
182,0.6692163585700138,-0.4898567709020343,1
183,-0.929814867674299,0.404885045476085,0
184,1.426098942739614,-0.47862301078121894,1
185,-0.7913815604530656,0.852271323600548,0
186,-0.20365582283462957,1.08263319060965,0
187,2.156435308903046,0.30691283943898084,1
188,0.21081310426477895,-0.2628720087454995,1
189,0.03997217406063731,0.9702870787714897,0
190,0.3185324252609657,1.097934200412359,0
191,1.9211938089118399,-0.27225097518477126,1
192,-0.2698669172191049,0.9601482852574768,0
193,-0.5680644534728678,0.8164908742285799,0
194,0.908812827652336,0.2042156149878857,0
195,1.2427111276508096,-0.35762743857460744,1
196,0.9705828592879762,0.08071106740884951,0
197,-0.7824941121511693,0.7599271523008767,0
198,-0.3793342381975943,0.8945080778666713,0
199,1.91567327696772,0.11117149687307751,1
200,-0.868319158297928,0.6251370650662428,0
201,0.994197963164508,0.6098269854469285,0
202,0.15395127301732361,0.9846330513686937,0
203,0.11477835413523636,0.9242782556404974,0
204,-0.9286314838778141,0.4400569619781069,0
205,0.8111083568250425,-0.4117909438287231,1
206,0.7357347931680603,0.6934667191219398,0
207,-0.7400357364365422,0.5702266913993209,0
208,0.2583968786775104,0.8871659852256598,0
209,1.5378910098476901,-0.2618630810461343,1
210,-0.8962512953215322,0.39589971743320046,0
211,0.41958140873606525,0.9159876968299158,0
212,0.6686466274075848,-0.5925063630818209,1
213,0.9830744980668418,0.2274032939517613,0
214,0.500475157501439,-0.29013498758438117,1
215,0.17729848602093218,0.2813719549008581,1
216,0.25726173706100725,-0.21722405018632096,1
217,0.7059576006834379,0.3598108835449132,0
218,1.0137617046870582,-0.3615336216724912,1
219,1.009726100787413,-0.5754600183934023,1
220,1.8486336728340698,0.31813017296001317,1
221,0.1651600834214383,-0.000671533410439587,1
222,0.9371948626360532,0.27815338984250837,0
223,-0.9954002530538276,0.0790512265057406,0
224,0.044623242919087966,-0.07885919553391997,1
225,-0.5650659891671235,0.8518686532475803,0
226,-0.0526205229773864,0.9904381375385629,0
227,0.006752612037852518,1.081082993893413,0
228,0.6856231736520106,-0.5309225896530662,1
229,0.13068334440103546,1.000676684666976,0
230,-1.0756888039257402,-0.06406829422970992,0
231,0.4068911142204744,-0.21495222854920853,1
232,0.06613501864354045,0.06286191076478072,1
233,0.2191123215837909,0.896892784210078,0
234,0.08642266296821155,-0.19934836357711125,1
235,1.6808896669932152,-0.24785964152184076,1
236,0.8210143232594594,0.5363764743853414,0
237,0.07970580832207311,0.17290088762214342,1
238,0.22044166193429196,-0.2370001116926121,1
239,1.5643184912350623,-0.33016819634784506,1
240,0.42554001449431816,0.8950610535959631,0
241,0.49623180204842776,-0.3997798029757874,1
242,-0.7390618265534871,0.7969363442668138,0
243,1.6154972677837232,-0.36886340448211963,1
244,0.9149914297578206,0.2420304852352303,0
245,-0.9823200380432101,0.4367383029374856,0
246,0.021655977336075223,0.2448748127531759,1
247,0.4942784878421792,0.8320544930478772,0
248,-0.7903367320910339,0.5435493845204719,0
249,1.0685807385595154,-0.4775947520484055,1
250,0.6916719219729622,-0.4765418885324094,1
251,1.414367392636225,-0.3468724960990666,1
252,1.7746716042565522,-0.1630683216014197,1
253,-0.768857290497684,0.6045404295950404,0
254,1.456162521409165,-0.3615659694873091,1
255,0.9458417293611211,0.3990550447060381,0
256,2.024978608554278,0.3745079083724864,1
257,1.3275207053047653,-0.5910644788047986,1
258,-0.613226514787665,0.8725162971114586,0
259,1.9483605814262797,0.36817835107355845,1
260,-0.07458906380182295,0.08421225382185268,1
261,1.2075323124272328,-0.4674023859061598,1
262,-0.5301138803429545,0.8587214403009806,0
263,-0.9495942733244341,0.5270394918528737,0
264,1.9973071092985681,0.4012735785594715,1
265,1.7780064463866903,-0.10600944197471306,1
266,0.09345355817394622,0.023659767567100157,1
267,-0.8458781472353741,0.40850324909218305,0
268,0.6021988611239715,-0.4546968694605082,1
269,2.056450465087382,0.3380241420328238,1
270,-1.005421589164778,0.1752105751921877,0
271,-0.1665168217678899,0.8684561716823327,0
272,0.346397113368762,-0.2119181473575867,1
273,0.7186036930928118,0.6432364809771077,0
274,1.034359878145159,-0.525623582027628,1
275,0.0852073978578829,0.21014974634879835,1
276,0.004032081830393325,1.1321822585528574,0
277,0.17510116642724552,0.018259862721680703,1
278,-0.1980009879295457,0.9187949730372484,0
279,1.612616916058916,-0.49878781951698997,1
280,-0.02671720980922082,1.0496664266410416,0
281,-0.04302393311522407,0.9810628842633515,0
282,-0.8484021617090192,0.3255728726939893,0
283,-0.8070731679830635,0.4938251616226224,0
284,-0.6187987896343393,0.5565940799046272,0
285,1.8194193157327125,0.37577091249390204,1
286,0.05326154243836643,1.0171973826462177,0
287,0.9578365447008131,0.2510409279903611,0
288,1.4422814873297893,-0.32760016470608555,1
289,0.1942869787950504,-0.3368823040143958,1
290,1.0151476383971292,-0.42679718469887307,1
291,-0.890000031291421,0.5894559485378835,0
292,1.7964690004638986,0.16573708902253784,1
293,1.0662854808471323,-0.4741787409042519,1
294,0.7321695039463747,-0.45253946585933374,1
295,-0.7432998762162158,0.6843359889994126,0
296,1.9455442307396247,0.19781098774061423,1
297,-0.37253007542499283,0.9159434185980767,0
298,0.4724263448229586,-0.21272140531467626,1
299,0.8981134871643547,-0.534367557877954,1
300,1.0243325984890221,0.03605525403267569,0
301,0.40506560989963625,-0.45321545316944095,1
302,0.051227044417449394,0.16271932085284643,1
303,1.5920658477657086,-0.28761308195959473,1
304,-0.7769573653001014,0.5925214284292708,0
305,-0.9522455852921738,0.10012604033630962,0
306,2.009764934707804,0.32698220328182326,1
307,0.6747424091159029,-0.3809409388372087,1
308,-0.6013707581642641,0.6995475558807849,0
309,-1.0473418907043868,0.2649319190671555,0
310,-0.791739529610483,0.8654627476652035,0
311,-0.8950770472217006,0.2597172648156383,0
312,0.22786567648002443,0.1505119098221829,1
313,0.8130770431300799,-0.5599701799525845,1
314,0.7980094430366299,-0.5315627794151521,1
315,-0.8474389429808904,0.28525451512538325,0
316,1.4612866404307148,-0.4526507006470893,1
317,0.23209100720316686,-0.2668874672912989,1
318,0.1867665412645197,0.9180802709776594,0
319,-0.7708079647295494,0.21274002992909308,0
320,-0.5833640889373595,0.8448927125379213,0
321,1.1664369225007878,-0.2886190842726273,1
322,-0.6047615300164155,0.7384885401906652,0
323,1.9526068331913247,0.3427622229991959,1
324,-0.33669522716033407,0.8678373569676316,0
325,0.8445668951619718,0.3807748498129365,0
326,-0.07607198568997897,0.09414780907881576,1
327,-0.4909391784265009,0.8436749361546508,0
328,-0.8913046341118687,0.6366420302684673,0
329,1.0264489638993974,-0.46301723361111086,1
330,0.10774339804895815,1.0604528885699003,0
331,0.9693728518684324,0.6934268270992507,0
332,0.7141775159783708,0.5432354519798397,0
333,-0.02972969900798747,0.28690829949071966,1
334,1.8430713406536763,0.07863261639142007,1
335,0.27580752407495934,-0.15226762444427708,1
336,0.6860701968354287,-0.5977908841308428,1
337,2.0091996208603895,0.44082206963541704,1
338,1.8532742268620097,-0.07394255984536541,1
339,0.9613248025039829,0.09191881113741465,0
340,0.8076603821319848,-0.5068781989980248,1
341,0.35960645178253897,-0.3915520217511123,1
342,0.6661494723518888,0.9103453043942686,0
343,0.026348854626252978,1.067426442858045,0
344,1.5694914321708127,-0.3756869162271271,1
345,0.018759822357016908,0.9324352699170326,0
346,0.3027601043286859,-0.2944223478278147,1
347,-0.10443270407830352,0.27620915526983236,1
348,0.9719616235072261,-0.5148942568145902,1
349,0.20785464890790606,-0.057765124601248094,1
350,-0.8949407461828593,0.25075154650599774,0
351,-0.5270218564383952,0.8833085409494762,0
352,-0.9910765759947818,0.37331811772936185,0
353,-1.137170959416849,0.24365221652079672,0
354,0.4522509993708294,-0.2674728834538873,1
355,0.08915035948977343,0.206039807446945,1
356,1.061850978022722,-0.5525028447832252,1
357,0.8032302568168751,-0.4288025727899871,1
358,0.9394603341539353,0.5193498449454204,0
359,0.3374591020291817,-0.2241842514049955,1
360,-0.05096004177192143,0.49260563371317395,1
361,0.5836826255676406,0.8668450770687246,0
362,0.3739873911450979,0.7921110232281683,0
363,1.4256710958039576,-0.5542928171139272,1
364,-0.5444186625226073,0.960544941390575,0
365,1.8939456270342006,0.44469268765890924,1
366,1.880444480644312,0.32057749134272173,1
367,-0.6702652159259178,0.7192071365847715,0
368,1.6550537308226907,-0.039001604920295835,1
369,0.8554102866607054,0.22740014167096764,0
370,1.799190752155273,0.08744287519760617,1
371,-1.0921520260709143,0.2241992226082299,0
372,0.017574863315530057,0.3185649359126315,1
373,0.3886649511022727,1.0035218689439769,0
374,1.095144609645105,-0.3997716488960375,1
375,0.41092803532654126,0.9257884873906118,0
376,1.663000117721378,-0.15622121767844133,1
377,0.04069498330033603,0.11631702598663796,1
378,0.3964099596230085,-0.32275004665403206,1
379,0.5102995564978734,0.7266235167737262,0
380,1.9216920740079062,0.1945276748770472,1
381,1.0874117315293599,-0.5872850217524288,1
382,0.3546719036566351,-0.16733280042145127,1
383,-0.8946995253593306,0.36187620768660494,0
384,0.08380790620160761,-0.04430075705479912,1
385,-0.842073123587532,0.3068833556675592,0
386,1.067963187237156,0.010789565409958813,0
387,1.5493740389891804,-0.44735166169633883,1
388,0.4417056867565552,0.7511753466352373,0
389,-0.27845021027034617,1.0819365490633082,0
390,1.4862421645613402,-0.33880339078706856,1
391,0.2673226925407851,-0.10901746684095023,1
392,2.0165096895251575,0.2898538170097007,1
393,0.7479037162362507,0.6481862603918589,0
394,0.030331085010949416,0.1868033331003483,1
395,0.4219236606638719,0.999034421654989,0
396,2.028081535111542,0.3290392888929714,1
397,0.053867023638821815,0.18213128248604432,1
398,-0.1591797315745723,0.9573357426971701,0
399,1.060827159096063,-0.48604645273508346,1
400,-0.05930831754062228,0.1191860827960579,1
401,-0.6893381396964414,0.652186297569486,0
402,0.8017407348780301,0.24396557872116548,0
403,0.2055661349618948,0.12850710762631845,1
404,1.7675408696184338,-0.32520200601833804,1
405,0.8430394719974907,0.5775167552548429,0
406,2.016961691748909,0.5735220332971998,1
407,-0.713740288807443,0.7203306934151632,0
408,1.0018881231708145,0.1705340901988519,0
409,2.000579370467225,-0.02722380460212752,1
410,0.12432906208196073,-0.11506964469782346,1
411,0.048653055485738256,0.3405073954623712,1
412,0.5849130264741553,0.8023205085938543,0
413,0.17691393708995048,0.011225121247000133,1
414,0.6330467974208964,0.7052380187705687,0
415,0.330044675856309,-0.42781288597069067,1
416,1.7789747976507915,-0.05027525940328949,1
417,0.2326677494653715,0.9330592076838823,0
418,-0.5978715355019365,0.7760064572185674,0
419,1.564293970813246,-0.20887908647314352,1
420,-1.0112720851050436,-0.10036039615880687,0
421,-1.1287684063433798,0.2392562389555179,0
422,0.3747216426932863,-0.21411389367889083,1
423,0.2910698262556271,1.0417587126286185,0
424,-0.5481846429556679,0.8449049799030889,0
425,0.47973958092791263,-0.4252557470668194,1
426,1.487025130751976,-0.4155609843973916,1
427,1.9590721511671811,0.14615239439896952,1
428,-0.1883327945471766,1.0465770525315716,0
429,0.6824325412693897,0.7067679775996962,0
430,0.0038078067757812382,0.3248379785172255,1
431,-0.39872893184416774,1.0986418625066763,0
432,0.5264865643321466,0.7071874527125703,0
433,1.569031272946308,-0.32586959200154336,1
434,1.0493583268459046,0.4508171329277922,0
435,0.6763962465177458,-0.5554560669710811,1
436,0.23112767666992007,0.7947422701748628,0
437,-0.9187243212213206,0.40063364936668455,0
438,-1.0529676258921166,0.06922948054207159,0
439,0.19497901337599935,0.08316236494319337,1
440,0.635344273482444,-0.4144996489072796,1
441,-0.8032886014599139,0.3736744483842648,0
442,0.7761496135958366,-0.35408187697888055,1
443,-1.0640712434623036,0.0699381590313872,0
444,0.752470048360533,0.7576207420727046,0
445,0.9526677387388885,0.5312424424004976,0
446,-0.9834843621989448,-0.05185234938058378,0
447,0.20985432479969945,-0.2216911839595182,1
448,1.6179127741716248,-0.15165629075361053,1
449,0.8467387047340961,0.6694323360790828,0
450,0.5130916618105774,-0.2925136205068469,1
451,-0.9541619674163447,0.007105677427584639,0
452,1.5525078004508237,-0.07483713183455476,1
453,0.6632009844206126,0.7495389091812665,0
454,-0.7173043700342341,0.727212024233665,0
455,1.777590513547593,-0.2008310965994247,1
456,-0.44026071379795706,0.9408642386168728,0
457,0.9486703412379224,0.29432034273505137,0
458,0.13850889754914927,0.46263264039865326,1
459,0.029417840731636655,0.00778184233713577,1
460,2.0426495005140795,0.420908381621366,1
461,0.6449102962691567,0.7025902117456719,0
462,1.8437889330463921,0.15070807495802968,1
463,1.2415629139214448,-0.4755218526750399,1
464,0.15593159403639942,-0.025716745685699968,1
465,0.05475016372271871,0.47297880871562403,1
466,1.5810874235833412,-0.223063063573888,1
467,0.7870409226398012,0.5841622405043185,0
468,2.0531735698446463,0.32325493152618495,1
469,0.4410942263001467,0.9875087444843815,0
470,1.9199365635479706,-0.07981168410831194,1
471,1.578974333077922,-0.2996783483156484,1
472,0.7636865880393533,-0.36475481058520554,1
473,1.7443215212396903,-0.06875832513415303,1
474,0.9493233981911811,-0.49100494827403884,1
475,0.6501785294175215,0.6627777337505375,0
476,-0.47090255512091833,0.9122398337243562,0
477,1.2980049231392041,-0.3100956970044374,1
478,1.4672680910377103,-0.1840282407531421,1
479,1.9378008397254254,0.40344817528744825,1
480,0.40090814817145587,-0.09674097721464608,1
481,1.6317855113224484,-0.21284387753819517,1
482,-0.7650354686705045,0.6655984089468646,0
483,0.08786414740453968,1.0519878954045174,0
484,0.7346978324007901,-0.5862146795624844,1
485,1.9924130387973433,0.5733554221893815,1
486,0.5714439218917545,0.8205981235378758,0
487,1.045127606877489,0.1832054787622992,0
488,0.936162569936866,0.37890447764347673,0
489,0.4254299344877338,-0.24891962124929456,1
490,0.3646948090999248,-0.301860849624088,1
491,0.09908176670924158,0.0752008277453531,1
492,0.343339221213359,0.9283491766673696,0
493,0.7692463667603486,0.4102045586195138,0
494,0.21124820577082648,0.9567073760148193,0
495,1.6418908909163945,-0.14872580879949485,1
496,0.45053194974674815,-0.5566291050150312,1
497,1.7841135571726265,0.11990777623521862,1
498,-1.059869175556079,0.17743594221178374,0
499,1.6963601315169028,-0.0001369823818220565,1
500,2.1552389418647917,0.35194765023907026,1
501,0.43147137455598633,-0.43863262538054115,1
502,1.0083571732351353,0.1884289676202085,0
503,0.9183028370175836,0.3510006594187399,0
504,-0.07941771930640892,1.0905247503413935,0
505,-0.17748284408627701,0.4080129399837025,1
506,1.0918062708388416,0.30232690154130787,0
507,0.6384384657954673,-0.44502729281217396,1
508,-0.072220300112768,0.40373759846910684,1
509,2.0434827821939074,0.13535144784642222,1
510,1.9179860428089053,0.26638515066717594,1
511,-0.2541070918253363,0.8733669080632036,0
512,0.3544227783898787,0.9773616762553488,0
513,0.30151478585738484,-0.22280697307140102,1
514,0.9332561694321528,0.14345095053596071,0
515,0.27075690213230963,0.8645342389852421,0
516,0.4542610392280605,-0.18251472087665416,1
517,0.5344984940635085,-0.4054587444166985,1
518,0.9375647105562277,-0.41711062260606174,1
519,1.0995003430598564,-0.5624787087074696,1
520,-1.0418191763727171,0.1659104927291211,0
521,-0.8694363751505504,0.7494733693169842,0
522,1.8269339324479892,0.2858492322222163,1
523,0.08751355783047006,1.060916053017704,0
524,-0.7638872798299918,0.42432348254520236,0
525,0.7771810326233025,-0.5341448950769899,1
526,1.4247229513155322,-0.28729545485776564,1
527,0.2759903809522917,0.9210902503381101,0
528,-0.09460274942116756,0.9620617912151862,0
529,0.07855069404127012,0.46193008037342415,1
530,1.1189133539015286,-0.502350222143078,1
531,-0.23883392858104346,0.9858122431534402,0
532,0.9750626225571586,0.3371536967809007,0
533,1.8535167875571221,0.11249360133998124,1
534,1.489720963241072,-0.4799510161929084,1
535,0.7696296078391035,-0.41982412464267627,1
536,-0.5734376513790508,0.7714331912036176,0
537,0.9900771816878947,0.43602205063965704,0
538,1.1707466469336996,-0.6796331551948737,1
539,0.09126538877907793,0.03614571681093304,1
540,-0.04097458959772671,0.774482074648678,0
541,0.4607914277637777,0.862496738368493,0
542,0.5639398470215967,-0.2881206613084386,1
543,-0.16408314961614687,0.18822047384233626,1
544,-0.8312642027987359,0.6011239070505894,0
545,0.14978465609306388,0.9773618395294121,0
546,-0.11433513496687013,1.0200806262837723,0
547,1.4892275977393403,-0.4585788723755502,1
548,-0.07685045437292608,0.42070658829591967,1
549,0.31839197669520064,0.9271947405275065,0
550,-0.8976433208752652,0.5323480916733012,0
551,0.2392301740684637,0.9770792885032621,0
552,-0.5166545740578924,0.806744341839961,0
553,1.9153032492847575,0.14751502501967037,1
554,0.8460454615897793,0.5254385870050622,0
555,1.281285311719518,-0.3566075374427303,1
556,-1.034986873089475,0.09940151793056393,0
557,1.4407237917691382,-0.3217999963891623,1
558,1.4525485442667647,-0.32560855683016804,1
559,0.9374060165145173,0.04162833623636579,0
560,2.025985670398185,0.295699776616466,1
561,1.0964508651481255,-0.4901386361833258,1
562,0.6629522571354727,0.5423937145564692,0
563,1.2318066879100562,-0.3302463705743103,1
564,0.9298681886333003,0.09809459335691895,0
565,1.2171560694588817,-0.5565258792962616,1
566,-0.24543919312924745,1.0297494202012953,0
567,1.7675627727352647,-0.12972672247630407,1
568,-0.8612092434143571,0.5929494059644149,0
569,0.7401230754766055,0.7587586760999387,0
570,-0.021472630179180767,0.3186846190044976,1
571,-0.32579052884570614,0.9887533042002782,0
572,0.0010104559447511397,0.4914644921840024,1
573,1.2730903494726598,-0.47341808521789913,1
574,0.9724921142395081,-0.5587765898083394,1
575,1.8720370406338624,0.11227454816432955,1
576,-0.964631896531177,0.23999898507404052,0
577,1.3411263548908121,-0.36752995247769155,1
578,-0.2748639944923355,0.9838635214632389,0
579,-0.9357038540640283,0.14575689066292483,0
580,1.763711080020423,-0.18926328952005345,1
581,1.1398255794289716,-0.08504229961697873,0
582,0.013545651501302547,0.9891472012210911,0
583,-0.6511550704612991,0.6561782612699403,0
584,0.41281241084580733,0.8099280098137578,0
585,0.6077746096741962,0.8152592664515265,0
586,0.6712088699142592,-0.579683234140297,1
587,-0.1057191325927612,0.9643037687916244,0
588,-1.0920956462780609,0.11411927625138842,0
589,-0.04144657038462728,0.43681549426554406,1
590,0.9901859292050764,0.22759349926860822,0
591,1.307568984006194,-0.4561750818992553,1
592,-0.09263595130336975,0.983346552496965,0
593,1.5715444894289268,-0.31751199307105615,1
594,-0.01708486705450905,0.3673805862231403,1
595,0.24697793848770327,0.9198163884963615,0
596,0.9880040293219364,-0.4054760149043586,1
597,-0.9286005481300023,0.45398286529066184,0
598,0.5283593896490658,0.8832856622920348,0
599,1.0652811679461138,0.061507907255981674,0
600,-0.020969668563111027,0.19781525856161672,1
601,0.4750521076351192,0.9071519610369358,0
602,1.7680287668702086,-0.1618338471556804,1
603,0.48534868751992366,-0.34426476682854545,1
604,2.008311674472801,0.4060644209009617,1
605,-0.9865719537698212,0.16078479117987965,0
606,-0.8798769666309414,0.7141946872783487,0
607,0.14738743982786706,-0.055982418660187744,1
608,0.04032272710870286,0.9918100311428368,0
609,0.024496027566412802,0.2724092343558182,1
610,0.4394276344745497,0.7138865734981494,0
611,-0.8696630913509296,0.446546649477303,0
612,1.184107009605209,-0.3964744984149114,1
613,-0.1846476462373516,0.16941305196166728,1
614,1.5712739114344996,-0.3397904527438434,1
615,-0.44892748246610104,0.8467255091260211,0
616,1.9495375061812161,0.35357451048421407,1
617,0.6148215516849264,0.8313377858196843,0
618,0.35352275216868456,-0.058631122786651,1
619,-0.036224977399392,1.0256089320210136,0
620,2.0334158768080424,0.2559937343060262,1
621,1.0076585021087898,0.4164176399195965,0
622,0.4440708842623441,-0.12585740135474505,1
623,0.15773804292047972,0.022809720692566815,1
624,0.12051174225496998,0.04762659059176222,1
625,-0.4061975206540571,0.9698206844419506,0
626,0.7210623132571289,-0.5141824690051795,1
627,1.5186737872011227,-0.3583552502265545,1
628,1.7125349434000012,-0.08588996090691943,1
629,0.3678966767849897,-0.16356892687061403,1
630,-0.9995233616342883,0.19939691795546283,0
631,1.0387881198758477,0.04823430532003859,0
632,1.0391556163847255,-0.5892772367259965,1
633,-0.8980445786786607,0.6116567984210209,0
634,0.42414870718958547,0.8030729314608328,0
635,1.8478538465796075,-0.07666933602071752,1
636,-0.806372901636322,0.3221626583871374,0
637,-0.08393627343828435,0.25542351208252817,1
638,-0.566751031003149,0.9098761848297455,0
639,0.859343979215929,-0.5966861279686936,1
640,0.10638248965555118,0.664680315632855,1
641,0.17853455790565562,0.974929170393253,0
642,-0.3612561896822489,0.9232610258444947,0
643,0.9186959283138875,-0.5582824180002868,1
644,0.9597049848328238,-0.06719160978810332,0
645,-1.0191076647368995,0.1475440339721533,0
646,-0.236416426620392,0.8762503015910093,0
647,0.09456079814851197,0.030333284545677755,1
648,1.8562765392075589,-0.08583039819654076,1
649,-0.2533208385988087,0.9545468046922748,0
650,0.1881439694323826,1.037860867334771,0
651,0.025152952065989238,0.3642936271439882,1
652,1.7271545307889904,-0.06399839252123857,1
653,0.18000069401080432,0.9597425564701689,0
654,-0.3539651788117795,0.7916902331757136,0
655,-0.8626830695724217,0.6276556965939188,0
656,-0.9560071443565045,0.4539480599468538,0
657,1.018224406968226,0.3073379477531648,0
658,0.9566968514400639,0.3797883913162585,0
659,1.3088470888074786,-0.47457320139544507,1
660,-0.0069008516639464945,0.8924097455408317,0
661,0.6643776792013911,-0.39596087607827496,1
662,1.04841516297673,-0.5092825555429455,1
663,1.86414338958601,-0.08398707783434278,1
664,-0.6323766967729761,0.6237348457443552,0
665,1.7151710264188051,-0.342593990396979,1
666,1.8582443010473786,-0.06996077898531741,1
667,0.553021398739244,-0.34921204383591775,1
668,0.6744580996251658,-0.4375719724850785,1
669,-0.16957226183727944,0.9752897143276336,0
670,0.9952604587259294,0.1374774894599724,0
671,1.8020360606472052,0.13154819466796858,1
672,1.563028088644982,-0.288438847217679,1
673,-0.8230556715833371,0.4626868968126501,0
674,0.2955039354830709,-0.2886120441233035,1
675,1.1527870698554008,-0.4973458027720993,1
676,-0.9955946373147918,0.23718232013811785,0
677,1.0096572862154647,0.18340780018301267,0
678,0.2657273247088511,-0.06882862974696613,1
679,0.4943394977056477,-0.4032089267872,1
680,1.905081291978414,0.41045051976143865,1
681,-0.8305068744932875,0.5368257739299624,0
682,0.1472536594050995,-0.07408193202450916,1
683,1.5985308334102708,-0.2871810916215945,1
684,1.8402146227192195,0.4625264943884364,1
685,0.19065293958005136,0.883329116184574,0
686,-0.4873817811884177,0.868772814014674,0
687,-0.14806004604167894,0.9110725014342269,0
688,1.8386318020733583,-0.27127853609214503,1
689,0.8272804216931984,0.6055102687330086,0
690,1.9554810627644166,0.216001927227126,1
691,0.8046810451639613,0.3917243678163554,0
692,0.6908712022118781,0.796840276788708,0
693,-0.8753310637340961,0.35298372244633613,0
694,0.6436906377744246,-0.5025872633315954,1
695,0.29161585363342013,0.9110674548270208,0
696,-0.9380360254756352,0.480938512267011,0
697,-0.9169802023573104,-0.034950722478475846,0
698,2.069384272946806,0.6568449388638385,1
699,1.8579723628870122,-0.021773322124169384,1
700,0.9473067606050282,-0.5091871274939435,1
701,1.4062302219272387,-0.492368072805175,1
702,1.175915250441648,-0.41073836027333627,1
703,0.6650958082460807,0.7156372650870061,0
704,0.9732849435483558,0.23699595669797308,0
705,0.8170027312959357,-0.40116446661168154,1
706,0.6426601660885507,-0.5539144728134796,1
707,0.7205080259183149,-0.5659549895475322,1
708,0.8750375930827887,0.1790916808003284,0
709,-0.07442510790914987,0.5191877981016346,1
710,-0.6873789368148507,0.7020346645180777,0
711,0.9925267966803627,0.11872836149919512,0
712,0.05600505918116615,0.2137499042546136,1
713,0.2793669953304416,-0.2886712168879373,1
714,0.8768911522703402,0.22842127050894284,0
715,0.1322764287665155,-0.24938868041134893,1
716,1.1851929780317683,-0.4231760468454873,1
717,-0.005805855681443969,-0.04036566923408007,1
718,-0.08927807205543956,0.3402720461295494,1
719,-0.10277563646298456,0.41209940201466505,1
720,-0.7624371913741844,0.5850503507705653,0
721,0.739512933074411,0.7529427067731674,0
722,0.2536997305560633,-0.28995217298189896,1
723,-0.5875244415851625,0.7828188152000213,0
724,0.5067269217861483,0.9249684233130766,0
725,1.83345825509871,-0.04852539819658988,1
726,0.6425627034285195,-0.3772167092050263,1
727,0.45820065898591755,-0.3880842650472386,1
728,0.9478407115978831,0.12635983279798318,0
729,0.8058485515248027,-0.3073858175875881,1
730,-0.35094176127025145,0.7880996027842737,0
731,-1.0464498441774566,0.37628026610527354,0
732,-0.44015566121107125,0.8045623420733105,0
733,2.0343802684825687,-0.11000250145712007,1
734,0.6742183841696703,0.7810721514281512,0
735,-0.055486708235999896,1.04110412503922,0
736,0.04728852235993941,0.11480677258631274,1
737,0.297875405770181,0.8876069451773023,0
738,0.3324239473961342,0.9938265224558896,0
739,1.45891617204188,-0.3912283214333884,1
740,-0.8945271043552493,0.34615541961121554,0
741,1.4482769924731937,-0.3089804784811177,1
742,-0.9851486782653915,0.3217413054458149,0
743,1.4961052552309733,-0.5399286379287858,1
744,-0.006594288042857554,0.4470261658747853,1
745,1.819621891549369,-0.11269755543338633,1
746,-0.5973051257281345,0.8185689406177168,0
747,1.4133108603356335,-0.5639919198155885,1
748,0.9829510722371196,0.022876131736846064,0
749,-0.09449965589897882,0.42872393374533996,1
750,0.7537885805464881,0.6133033608034919,0
751,-0.9488085539486711,0.4804577620852721,0
752,0.30854119967526683,1.016296613196727,0
753,0.7304334740860537,0.688574026912001,0
754,1.659029081134825,-0.260523808582088,1
755,0.2542688530283866,-0.047138889353998514,1
756,-0.6830318658776674,0.712268165194548,0
757,0.34892381617449897,-0.2546033724561595,1
758,0.5572564184952536,-0.559883321266833,1
759,-0.05175846039244793,0.17219211326204256,1
760,0.3903625611837434,1.0377988541154108,0
761,1.262729219589401,-0.3708142238447243,1
762,1.0694304059972444,0.04549171676044365,0
763,1.032439953513085,0.58696813810812,0
764,1.8819053486250161,0.17043383115310193,1
765,2.017131866505708,0.2894743651068001,1
766,1.323539662047033,-0.5015057347433474,1
767,0.3797293846393501,-0.10800249507553891,1
768,0.11700811033484862,0.9675489712820553,0
769,1.7442912799670354,-0.14749256772157043,1
770,-1.0281703487787757,0.33942236437378737,0
771,0.9496567284982649,0.3885865177252472,0
772,0.7341927696599249,-0.5505187858237559,1
773,1.9295194077412552,0.06813634900317896,1
774,1.1467409203517316,-0.42791950781300336,1
775,-0.4453544665746904,0.8427357032425982,0
776,0.23563309571381957,0.18095111565386113,1
777,-0.40365881290014655,0.9970757088466234,0
778,0.5029632055848141,0.9158379528400364,0
779,0.8307079675547138,0.31185491562740797,0
780,-0.4508923422539869,0.928390906319148,0
781,-0.08494453466586879,1.0080199508204082,0
782,1.8315053411040692,-0.003967502521445662,1
783,0.06133220460537004,0.11043724838106381,1
784,0.7446575416713755,0.7528372903225214,0
785,-0.10085518929974782,0.9963456285089712,0
786,0.033619249002142665,0.09318382308217446,1
787,-1.024653054535152,0.002653349323239393,0
788,-0.03283981529880112,1.095765052730315,0
789,0.9071988361820384,-0.5799414753963879,1
790,2.027007428789366,0.4164019974915731,1
791,1.0307529400023663,-0.718448521602818,1
792,0.03312326166342107,0.46854733554660793,1
793,1.7615435708437799,-0.2510015307642068,1
794,1.0161658501294044,0.1943355079689228,0
795,1.8256050781037303,-0.143277659920109,1
796,0.1038617166567059,0.3919786959261672,1
797,-0.6021807974587773,0.9764822834278029,0
798,-0.7199285033913551,0.5511536918273601,0
799,1.9768272249677377,0.1695596077368036,1
800,1.506350478449257,-0.23892675298563212,1
801,0.4456609353282786,0.9782365442865011,0
802,1.0267171561072463,-0.4472532173872694,1
803,0.15068509225024573,0.08317973324468235,1
804,0.9375399791240814,-0.5596850346346257,1
805,-0.3435362977068028,0.8218059074817895,0
806,-0.8811105243808165,0.08034890494169379,0
807,0.8875308163744573,0.39461939589420364,0
808,-0.8572106363749159,0.6146736128128953,0
809,1.3961782846980233,-0.3000160118918457,1
810,0.2560089394686267,0.9631655570773778,0
811,0.21313363120762813,0.8910754972916346,0
812,0.631733206673079,0.6954216389973835,0
813,0.31565216786327327,-0.1713572348941391,1
814,1.6124527894372471,-0.27481604469635385,1
815,0.6877003311396995,-0.5703017087972745,1
816,1.6885051705563447,-0.0684711715921167,1
817,-0.7645850807607525,0.5721623868843335,0
818,1.0843459686553785,-0.41056542096741405,1
819,-0.3167657579831336,0.917072357640535,0
820,0.8298271444223555,-0.4708584318776711,1
821,0.4363045215015464,0.9375790823601438,0
822,-0.5502471978511507,0.6696717734049752,0
823,0.01820727883291022,0.026798274139755295,1
824,1.0755428582418303,-0.48239518392882935,1
825,1.0038613311232398,-0.3785553715072705,1
826,0.5049061967963371,0.8314748672462834,0
827,-0.997239209399008,-0.03813112736355123,0
828,0.2580644512021801,-0.30663751544080486,1
829,-0.045451096009025305,0.9189219576379317,0
830,1.585037019182462,-0.28557349174330077,1
831,0.09274975795006231,0.8988079279627477,0
832,-0.6287813960057935,0.8559717179147236,0
833,1.5899430503192382,-0.28236625621841643,1
834,0.5176897613162732,-0.2905501357021842,1
835,0.32159911726417023,0.9578197076994832,0
836,0.5944554654477872,0.7748505111440667,0
837,0.2934724535738929,0.8757346539522387,0
838,0.3797943864168181,-0.12307844224172478,1
839,2.02987761321551,0.22169677584965478,1
840,1.6797063580380203,-0.2838878196215288,1
841,0.5907148867221867,-0.3020029253068313,1
842,0.043299124208367665,0.14903168100287237,1
843,0.21439152971848596,0.0023307513071697816,1
844,0.9633006661103032,0.340466863772065,0
845,0.09746820314848306,-0.020837321865817715,1
846,-0.8873052484967883,0.14920850553567272,0
847,-0.9439414315682557,0.1323568350021932,0
848,1.8277165172195655,-0.03775078745031941,1
849,1.5600979890552162,-0.2786021090734215,1
850,0.11819235563516708,1.1338886371934105,0
851,0.026791697922862234,-0.13676683592747768,1
852,1.0066579425682698,0.09340399521461623,0
853,-0.8100684351871972,0.6303300646263491,0
854,0.3748451954388152,-0.4738600705543037,1
855,1.9910240203358611,0.1481953714889256,1
856,0.2821973165827464,1.027915209698862,0
857,1.77790121786076,-0.1373597760648299,1
858,-0.28620813801880357,0.9004211272533,0
859,0.11306468297026548,1.0140710201492893,0
860,1.834885303701919,0.21230544945298896,1
861,-0.3670227249520792,1.0642944650113153,0
862,0.4970639729292171,-0.36550511368212085,1
863,0.28538066550111574,0.857112646965517,0
864,2.033655788900341,0.3574773078261115,1
865,1.3024467178660601,-0.4271891156058769,1
866,1.81127345789765,0.3426765512946702,1
867,-0.0020443746693557504,0.9857984303425836,0
868,0.2034910238925301,-0.12739492162873986,1
869,0.9580624876337858,-0.3729756636023239,1
870,1.959557830410181,0.3275109584169428,1
871,0.0629636814452954,0.3106818054653674,1
872,0.01271358692385742,0.06273876327418318,1
873,-0.9145491649663167,0.2605967011822421,0
874,1.5593814603906926,-0.4614648566389759,1
875,0.831823359418728,0.5191387975712691,0
876,2.1140278471834164,0.3382170463049855,1
877,0.06473180526961413,0.43476912446045507,1
878,0.3554435987773429,-0.4490507107638259,1
879,1.2745205539085278,-0.44302052280466625,1
880,0.4798576438184122,-0.2501865444382725,1
881,-0.7423386281408494,0.793494752240485,0
882,1.7286377017682397,-0.26100265103621556,1
883,1.7043987672749081,-0.2891741386615293,1
884,-1.0306647026956022,0.010642068282394335,0
885,0.6331797244760259,0.972532879483369,0
886,0.6849614247183174,-0.4371713644322211,1
887,-0.15470778003173088,0.4036279512307826,1
888,0.6932842643531769,0.6069825222977718,0
889,0.49032105329902825,-0.5045013768201946,1
890,1.0330283600275596,0.3232825503556479,0
891,0.2410159459412199,0.12035797842046407,1
892,1.1148237815612654,-0.48620613962118575,1
893,-0.5387180139992986,0.5949827243891077,0
894,1.9256058595108305,0.024711861179350675,1
895,0.6933161382163483,0.7715097349038325,0
896,0.5687131775905452,0.7700397780799935,0
897,-0.49998066256892043,0.7106542628662951,0
898,0.48946496699333164,-0.2056309796596582,1
899,-0.5665360636157432,0.7716779008593845,0
900,0.19228760117694993,0.9037273706574205,0
901,1.409255212840377,-0.3365361535624194,1
902,0.6335586863174874,-0.47305756570951746,1
903,0.38238890821366145,-0.3545264877921285,1
904,0.7135489633513987,0.6331223625001345,0
905,1.0210823466703134,-0.6199201489113123,1
906,0.0360685650448602,0.12510704701272424,1
907,0.9241200088446391,0.1210439628752438,0
908,-0.3011427793884007,0.9450415488154931,0
909,-0.9131431697603173,0.21719921387264027,0
910,0.35717724990085675,-0.37919955442594133,1
911,-1.1836504565119077,-0.06474047106532421,0
912,0.47146098426255206,-0.490303811681319,1
913,0.9308110709226598,0.6697364337196671,0
914,1.3328450631801358,-0.5358180806204403,1
915,0.953638118966082,0.5990276854819451,0
916,-1.1028830408704855,0.04769131258210579,0
917,0.3940092765298717,0.8835692199718492,0
918,0.7431640372740701,-0.5198825179571002,1
919,0.8671734559818938,0.45695795678695755,0
920,1.2693014150624755,-0.5038585496991738,1
921,1.0801900197889234,-0.4777513449828074,1
922,1.8616410751906214,0.011985200765700983,1
923,0.9305306938672286,0.4881980540697907,0
924,-0.07431481298782844,1.0527937521070123,0
925,0.7484282594356061,-0.3835725799283984,1
926,1.896886058558688,0.19445530627143873,1
927,0.58608321170079,-0.3859938704369857,1
928,0.441500545228514,-0.25302088047887206,1
929,1.8103457011504853,0.10275605021507919,1
930,-1.0678775914567027,0.4235148604352903,0
931,1.2477277731794176,-0.44938680078534937,1
932,0.460705573623968,-0.26259263322761695,1
933,1.948623117021586,0.14788195871831838,1
934,0.4939321538284048,-0.3888174246344568,1
935,0.6015511971470987,0.773006692743445,0
936,0.43426525537239047,0.9306715058448115,0
937,-0.9435535169108271,0.4126892606162431,0
938,-0.6400066453229546,0.8340285419451939,0
939,0.0013341371283109443,0.010125721425940454,1
940,-0.6915038045856795,0.669351287067102,0
941,0.17933800579883274,0.035214963201391704,1
942,1.9282498622235031,-0.13226341733829086,1
943,-0.25841570103560957,0.89465590798657,0
944,-0.5438007540010007,0.8431567293749161,0
945,1.6334466946648858,-0.2247683670305566,1
946,0.17368582263122676,1.0414682666343715,0
947,-1.0057359977559146,0.017708158996602483,0
948,0.9036798639143441,0.5631660858408267,0
949,0.7756153872375668,0.449512848340867,0
950,0.9827817578186648,0.43169668235854486,0
951,-0.23289799788427182,1.0776362113984994,0
952,1.8743368756961603,-0.09709328798869961,1
953,1.567404869936267,-0.27688895148042514,1
954,0.3592068430671761,0.8808518336083899,0
955,0.8258817267290068,0.49412167820466524,0
956,1.974205249896281,0.4568619058787405,1
957,-0.27632153966094963,0.9058663702718338,0
958,1.3912044990137244,-0.33125235006066633,1
959,0.7196350993168797,0.6444899025119746,0
960,0.2054905920420636,-0.20621592473140316,1
961,-0.662003921420302,0.6941169320060919,0
962,-0.2730092285717123,0.8435872023452087,0
963,0.546552607934007,0.7138196365295167,0
964,1.1118227851529192,0.3298283285680017,0
965,-0.18260718385193656,1.0500478060027107,0
966,0.7458748282013573,0.7571931607348086,0
967,0.49999385083107684,0.9831355690779489,0
968,1.916027233892647,0.378785027431408,1
969,1.9223970653192186,0.39905187629343186,1
970,0.14047742865180324,0.002271671069562553,1
971,-0.7128284281732711,0.5358038796657003,0
972,0.033874989085341284,0.0880672871971747,1
973,0.5657459525514936,0.8348251680178894,0
974,-0.7258174693263568,0.45094841077646003,0
975,-0.9928559583909562,0.2596504071364258,0
976,1.1399580217461078,0.46930909942372145,0
977,0.9264912685608888,0.30541804895786023,0
978,0.8119005683950523,-0.05659441837580063,0
979,1.3386200388807834,-0.4659183978265657,1
980,0.21820360776773037,-0.1705939052461699,1
981,0.9230299040756205,0.3952603827677434,0
982,0.5077486437260452,0.8452168706406885,0
983,0.7199249654880675,-0.5943480854356733,1
984,0.8584311666050721,0.3085739348085473,0
985,0.3787119230102051,-0.1688887399372346,1
986,0.05956390975141008,0.3575982121177063,1
987,1.1995849999016799,-0.5052636930830076,1
988,0.8734109754332509,0.321338152054927,0
989,0.7587193200594192,0.6294937953984981,0
990,-0.8923100520744953,0.5968313708381952,0
991,0.7491366001048839,0.766178917191277,0
992,0.0903918545774193,0.30956927222832864,1
993,0.6479196217463283,-0.45868004249063143,1
994,-0.3785624191507029,1.076968455245162,0
995,0.8164245128279397,0.5847475188887196,0
996,0.8640826165271998,0.19592020052638057,0
997,1.8650443275084967,0.08625586036128387,1
998,-0.8365070105751895,0.16733796039424828,0
999,0.7696252509791793,-0.5252920405515187,1
